{"cameraMode":{"drawMode":0,"name":"Shaded","section":"Shading Mode"},"sceneLighting":true,"audioPlay":false,"sceneViewState":{"m_AlwaysRefresh":false,"showFog":true,"showSkybox":true,"showFlares":true,"showImageEffects":true,"showParticleSystems":true,"showVisualEffectGraphs":true,"m_FxEnabled":true},"in2DMode":false,"pivot":{"x":323.7146301269531,"y":50.628662109375,"z":296.1032409667969},"rotation":{"x":0.40168729424476626,"y":0.012362399138510228,"z":-0.0054231262765824799,"w":0.9156778454780579},"size":666.3760986328125,"orthographic":false}