{"cameraMode":{"drawMode":0,"name":"Shaded","section":"Shading Mode"},"sceneLighting":true,"audioPlay":false,"sceneViewState":{"showFog":true,"showMaterialUpdate":false,"showSkybox":true,"showFlares":true,"showImageEffects":true,"showParticleSystems":true,"showVisualEffectGraphs":true,"m_FxEnabled":true},"in2DMode":false,"pivot":{"x":391.95501708984377,"y":165.92745971679688,"z":182.40621948242188},"rotation":{"x":0.3438341021537781,"y":-0.0028174964245408775,"z":0.0010323182214051486,"w":0.9390206336975098},"size":435.6017761230469,"orthographic":true}